{"cameraMode":{"drawMode":0,"name":"Shaded","section":"Shading Mode"},"sceneLighting":true,"audioPlay":false,"sceneViewState":{"m_AlwaysRefresh":false,"showFog":true,"showSkybox":true,"showFlares":true,"showImageEffects":true,"showParticleSystems":true,"showVisualEffectGraphs":true,"m_FxEnabled":true},"in2DMode":false,"pivot":{"x":4.3109049797058109,"y":4.054664134979248,"z":-12.584540367126465},"rotation":{"x":0.24907150864601136,"y":-0.3753126561641693,"z":0.10545411705970764,"w":0.8865581154823303},"size":0.04269174486398697,"orthographic":false}